image_id,file_path,event_id,burst_id,split_category,rights_status,expert_score_usability,local_defect_flag,baseline_metric,predicted_score,status,error_message
bday_01,data/raw/event_01_birthday/burst_01/DSC_5108.jpg,birthday_shoot,burst_01,,consented,Keep,None,brisque,65.1215,SUCCESS,
bday_02,data/raw/event_01_birthday/burst_01/DSC_5109.jpg,birthday_shoot,burst_01,,consented,Keep,None,brisque,64.1669,SUCCESS,
bday_03,data/raw/event_01_birthday/burst_01/DSC_5110.jpg,birthday_shoot,burst_01,,consented,Keep,None,brisque,38.3159,SUCCESS,
bday_04,data/raw/event_01_birthday/burst_01/DSC_5116.jpg,birthday_shoot,burst_01,,consented,Keep,None,brisque,48.6303,SUCCESS,
bday_05,data/raw/event_01_birthday/burst_01/DSC_5118.jpg,birthday_shoot,burst_01,,consented,Keep,None,brisque,42.9946,SUCCESS,
bday_06,data/raw/event_01_birthday/burst_01/DSC_5147.jpg,birthday_shoot,burst_01,,consented,Keep,None,brisque,47.6965,SUCCESS,
bday_07,data/raw/event_01_birthday/burst_01/DSC_5148.jpg,birthday_shoot,burst_01,,consented,Keep,None,brisque,41.0739,SUCCESS,
bday_08,data/raw/event_01_birthday/burst_01/DSC_5162.jpg,birthday_shoot,burst_01,,consented,Keep,None,brisque,58.8561,SUCCESS,
bday_09,data/raw/event_01_birthday/burst_01/DSC_5165.jpg,birthday_shoot,burst_01,,consented,Keep,None,brisque,49.0158,SUCCESS,
bday_10,data/raw/event_01_birthday/burst_02/DSC_5073.jpg,birthday_shoot,burst_02,,consented,Keep,None,brisque,50.4494,SUCCESS,
bday_11,data/raw/event_01_birthday/burst_02/DSC_5074.jpg,birthday_shoot,burst_02,,consented,Keep,None,brisque,49.0893,SUCCESS,
bday_12,data/raw/event_01_birthday/burst_02/DSC_5076.jpg,birthday_shoot,burst_02,,consented,Keep,None,brisque,36.0847,SUCCESS,
bday_13,data/raw/event_01_birthday/burst_02/DSC_5079.jpg,birthday_shoot,burst_02,,consented,Keep,None,brisque,58.0778,SUCCESS,
bday_14,data/raw/event_01_birthday/burst_02/DSC_5080.jpg,birthday_shoot,burst_02,,consented,Keep,None,brisque,44.4367,SUCCESS,
bday_15,data/raw/event_01_birthday/burst_02/DSC_5081.jpg,birthday_shoot,burst_02,,consented,Keep,None,brisque,55.8388,SUCCESS,
bday_16,data/raw/event_01_birthday/burst_02/DSC_5084.jpg,birthday_shoot,burst_02,,consented,Keep,None,brisque,61.9206,SUCCESS,
bday_17,data/raw/event_01_birthday/burst_02/DSC_5092.jpg,birthday_shoot,burst_02,,consented,Review,Motion Blur,brisque,56.0339,SUCCESS,
bday_18,data/raw/event_01_birthday/burst_02/DSC_5094.jpg,birthday_shoot,burst_02,,consented,Review,Motion Blur,brisque,69.6826,SUCCESS,
bday_19,data/raw/event_01_birthday/burst_02/DSC_5100.jpg,birthday_shoot,burst_02,,consented,Keep,None,brisque,34.4731,SUCCESS,
bday_20,data/raw/event_01_birthday/burst_02/DSC_5123.jpg,birthday_shoot,burst_02,,consented,Keep,None,brisque,63.8513,SUCCESS,
bday_21,data/raw/event_01_birthday/burst_02/DSC_5125.jpg,birthday_shoot,burst_02,,consented,Keep,None,brisque,44.6782,SUCCESS,
bday_22,data/raw/event_01_birthday/burst_02/DSC_5126.jpg,birthday_shoot,burst_02,,consented,Keep,None,brisque,21.0090,SUCCESS,
bday_23,data/raw/event_01_birthday/burst_02/DSC_5132.jpg,birthday_shoot,burst_02,,consented,Keep,None,brisque,43.3386,SUCCESS,
bday_24,data/raw/event_01_birthday/burst_02/DSC_5136.jpg,birthday_shoot,burst_02,,consented,Keep,None,brisque,37.9680,SUCCESS,
bday_25,data/raw/event_01_birthday/burst_02/DSC_5141.jpg,birthday_shoot,burst_02,,consented,Keep,None,brisque,45.4221,SUCCESS,
bday_26,data/raw/event_01_birthday/burst_02/DSC_5145.jpg,birthday_shoot,burst_02,,consented,Keep,None,brisque,44.7763,SUCCESS,
bday_27,data/raw/event_01_birthday/burst_02/DSC_5150.jpg,birthday_shoot,burst_02,,consented,Keep,None,brisque,39.4051,SUCCESS,
bday_28,data/raw/event_01_birthday/burst_02/DSC_5155.jpg,birthday_shoot,burst_02,,consented,Keep,None,brisque,24.4316,SUCCESS,
bday_29,data/raw/event_01_birthday/burst_02/DSC_5156.jpg,birthday_shoot,burst_02,,consented,Keep,None,brisque,34.6743,SUCCESS,
bday_30,data/raw/event_01_birthday/burst_02/DSC_5158.jpg,birthday_shoot,burst_02,,consented,Keep,None,brisque,28.3986,SUCCESS,
bday_31,data/raw/event_01_birthday/burst_02/DSC_5166.jpg,birthday_shoot,burst_02,,consented,Keep,None,brisque,55.6830,SUCCESS,
bday_32,data/raw/event_01_birthday/burst_02/DSC_5169.jpg,birthday_shoot,burst_02,,consented,Keep,None,brisque,35.3627,SUCCESS,
bday_33,data/raw/event_01_birthday/burst_02/DSC_5172.jpg,birthday_shoot,burst_02,,consented,Keep,None,brisque,42.3561,SUCCESS,
bday_34,data/raw/event_01_birthday/burst_02/DSC_5180.jpg,birthday_shoot,burst_02,,consented,Keep,None,brisque,40.0012,SUCCESS,
bday_35,data/raw/event_01_birthday/burst_02/DSC_5182.jpg,birthday_shoot,burst_02,,consented,Keep,None,brisque,46.2990,SUCCESS,
bday_36,data/raw/event_01_birthday/burst_02/DSC_5183.jpg,birthday_shoot,burst_02,,consented,Review,Face Turned Away,brisque,70.2187,SUCCESS,
bday_37,data/raw/event_01_birthday/burst_02/DSC_5186.jpg,birthday_shoot,burst_02,,consented,Review,Face Turned Away,brisque,61.1003,SUCCESS,
bday_38,data/raw/event_01_birthday/burst_02/DSC_5191.jpg,birthday_shoot,burst_02,,consented,Keep,None,brisque,42.9238,SUCCESS,
bday_39,data/raw/event_01_birthday/burst_02/DSC_5196.jpg,birthday_shoot,burst_02,,consented,Keep,None,brisque,33.4474,SUCCESS,
bday_40,data/raw/event_01_birthday/burst_02/DSC_5199.jpg,birthday_shoot,burst_02,,consented,Keep,None,brisque,41.1540,SUCCESS,
bday_41,data/raw/event_01_birthday/burst_02/DSC_5200.jpg,birthday_shoot,burst_02,,consented,Keep,None,brisque,43.5742,SUCCESS,
bday_42,data/raw/event_01_birthday/burst_02/DSC_5201.jpg,birthday_shoot,burst_02,,consented,Keep,None,brisque,33.9739,SUCCESS,
bday_43,data/raw/event_01_birthday/burst_02/DSC_5207.jpg,birthday_shoot,burst_02,,consented,Keep,None,brisque,40.0986,SUCCESS,
bday_44,data/raw/event_01_birthday/burst_02/DSC_5216.jpg,birthday_shoot,burst_02,,consented,Review,Head Cropped Out,brisque,19.8555,SUCCESS,
