image_id,file_path,event_id,burst_id,split_category,rights_status,expert_score_usability,local_defect_flag
bday_01,data/raw/event_01_birthday/burst_01/DSC_5108.jpg,birthday_shoot,burst_01,,consented,Keep,None
bday_02,data/raw/event_01_birthday/burst_01/DSC_5109.jpg,birthday_shoot,burst_01,,consented,Keep,None
bday_03,data/raw/event_01_birthday/burst_01/DSC_5110.jpg,birthday_shoot,burst_01,,consented,Keep,None
bday_04,data/raw/event_01_birthday/burst_01/DSC_5116.jpg,birthday_shoot,burst_01,,consented,Keep,None
bday_05,data/raw/event_01_birthday/burst_01/DSC_5118.jpg,birthday_shoot,burst_01,,consented,Keep,None
bday_06,data/raw/event_01_birthday/burst_01/DSC_5147.jpg,birthday_shoot,burst_01,,consented,Keep,None
bday_07,data/raw/event_01_birthday/burst_01/DSC_5148.jpg,birthday_shoot,burst_01,,consented,Keep,None
bday_08,data/raw/event_01_birthday/burst_01/DSC_5162.jpg,birthday_shoot,burst_01,,consented,Keep,None
bday_09,data/raw/event_01_birthday/burst_01/DSC_5165.jpg,birthday_shoot,burst_01,,consented,Keep,None
bday_10,data/raw/event_01_birthday/burst_02/DSC_5073.jpg,birthday_shoot,burst_02,,consented,Keep,None
bday_11,data/raw/event_01_birthday/burst_02/DSC_5074.jpg,birthday_shoot,burst_02,,consented,Keep,None
bday_12,data/raw/event_01_birthday/burst_02/DSC_5076.jpg,birthday_shoot,burst_02,,consented,Keep,None
bday_13,data/raw/event_01_birthday/burst_02/DSC_5079.jpg,birthday_shoot,burst_02,,consented,Keep,None
bday_14,data/raw/event_01_birthday/burst_02/DSC_5080.jpg,birthday_shoot,burst_02,,consented,Keep,None
bday_15,data/raw/event_01_birthday/burst_02/DSC_5081.jpg,birthday_shoot,burst_02,,consented,Keep,None
bday_16,data/raw/event_01_birthday/burst_02/DSC_5084.jpg,birthday_shoot,burst_02,,consented,Keep,None
bday_17,data/raw/event_01_birthday/burst_02/DSC_5092.jpg,birthday_shoot,burst_02,,consented,Review,Motion Blur
bday_18,data/raw/event_01_birthday/burst_02/DSC_5094.jpg,birthday_shoot,burst_02,,consented,Review,Motion Blur
bday_19,data/raw/event_01_birthday/burst_02/DSC_5100.jpg,birthday_shoot,burst_02,,consented,Keep,None
bday_20,data/raw/event_01_birthday/burst_02/DSC_5123.jpg,birthday_shoot,burst_02,,consented,Keep,None
bday_21,data/raw/event_01_birthday/burst_02/DSC_5125.jpg,birthday_shoot,burst_02,,consented,Keep,None
bday_22,data/raw/event_01_birthday/burst_02/DSC_5126.jpg,birthday_shoot,burst_02,,consented,Keep,None
bday_23,data/raw/event_01_birthday/burst_02/DSC_5132.jpg,birthday_shoot,burst_02,,consented,Keep,None
bday_24,data/raw/event_01_birthday/burst_02/DSC_5136.jpg,birthday_shoot,burst_02,,consented,Keep,None
bday_25,data/raw/event_01_birthday/burst_02/DSC_5141.jpg,birthday_shoot,burst_02,,consented,Keep,None
bday_26,data/raw/event_01_birthday/burst_02/DSC_5145.jpg,birthday_shoot,burst_02,,consented,Keep,None
bday_27,data/raw/event_01_birthday/burst_02/DSC_5150.jpg,birthday_shoot,burst_02,,consented,Keep,None
bday_28,data/raw/event_01_birthday/burst_02/DSC_5155.jpg,birthday_shoot,burst_02,,consented,Keep,None
bday_29,data/raw/event_01_birthday/burst_02/DSC_5156.jpg,birthday_shoot,burst_02,,consented,Keep,None
bday_30,data/raw/event_01_birthday/burst_02/DSC_5158.jpg,birthday_shoot,burst_02,,consented,Keep,None
bday_31,data/raw/event_01_birthday/burst_02/DSC_5166.jpg,birthday_shoot,burst_02,,consented,Keep,None
bday_32,data/raw/event_01_birthday/burst_02/DSC_5169.jpg,birthday_shoot,burst_02,,consented,Keep,None
bday_33,data/raw/event_01_birthday/burst_02/DSC_5172.jpg,birthday_shoot,burst_02,,consented,Keep,None
bday_34,data/raw/event_01_birthday/burst_02/DSC_5180.jpg,birthday_shoot,burst_02,,consented,Keep,None
bday_35,data/raw/event_01_birthday/burst_02/DSC_5182.jpg,birthday_shoot,burst_02,,consented,Keep,None
bday_36,data/raw/event_01_birthday/burst_02/DSC_5183.jpg,birthday_shoot,burst_02,,consented,Review,Face Turned Away
bday_37,data/raw/event_01_birthday/burst_02/DSC_5186.jpg,birthday_shoot,burst_02,,consented,Review,Face Turned Away
bday_38,data/raw/event_01_birthday/burst_02/DSC_5191.jpg,birthday_shoot,burst_02,,consented,Keep,None
bday_39,data/raw/event_01_birthday/burst_02/DSC_5196.jpg,birthday_shoot,burst_02,,consented,Keep,None
bday_40,data/raw/event_01_birthday/burst_02/DSC_5199.jpg,birthday_shoot,burst_02,,consented,Keep,None
bday_41,data/raw/event_01_birthday/burst_02/DSC_5200.jpg,birthday_shoot,burst_02,,consented,Keep,None
bday_42,data/raw/event_01_birthday/burst_02/DSC_5201.jpg,birthday_shoot,burst_02,,consented,Keep,None
bday_43,data/raw/event_01_birthday/burst_02/DSC_5207.jpg,birthday_shoot,burst_02,,consented,Keep,None
bday_44,data/raw/event_01_birthday/burst_02/DSC_5216.jpg,birthday_shoot,burst_02,,consented,Review,Head Cropped Out
bday2_01,data/raw/event_02_birthday/burst_02/DSC_4174.jpg,event_02_birthday,burst_02,test,consented,Keep,None
bday2_02,data/raw/event_02_birthday/burst_02/DSC_4176.jpg,event_02_birthday,burst_02,test,consented,Keep,None
bday2_03,data/raw/event_02_birthday/burst_02/DSC_4178.jpg,event_02_birthday,burst_02,test,consented,Keep,None
bday2_04,data/raw/event_02_birthday/burst_02/DSC_4180.jpg,event_02_birthday,burst_02,test,consented,Keep,None
bday2_05,data/raw/event_02_birthday/burst_02/DSC_4184.jpg,event_02_birthday,burst_02,test,consented,Keep,None
bday2_06,data/raw/event_02_birthday/burst_02/DSC_4185.jpg,event_02_birthday,burst_02,test,consented,Keep,None
bday2_07,data/raw/event_02_birthday/burst_02/DSC_4186.jpg,event_02_birthday,burst_02,test,consented,Keep,None
bday2_08,data/raw/event_02_birthday/burst_02/DSC_4192.jpg,event_02_birthday,burst_02,test,consented,Keep,None
bday2_09,data/raw/event_02_birthday/burst_02/DSC_4195.jpg,event_02_birthday,burst_02,test,consented,Keep,None
bday2_10,data/raw/event_02_birthday/burst_02/DSC_4196.jpg,event_02_birthday,burst_02,test,consented,Keep,None
bday2_11,data/raw/event_02_birthday/burst_02/DSC_4197.jpg,event_02_birthday,burst_02,test,consented,Keep,None
bday2_12,data/raw/event_02_birthday/burst_02/DSC_4198.jpg,event_02_birthday,burst_02,test,consented,Keep,None
bday2_13,data/raw/event_02_birthday/burst_02/DSC_4199.jpg,event_02_birthday,burst_02,test,consented,Keep,None
bday2_14,data/raw/event_02_birthday/burst_02/DSC_4200.jpg,event_02_birthday,burst_02,test,consented,Keep,None
bday2_15,data/raw/event_02_birthday/burst_02/DSC_4202.jpg,event_02_birthday,burst_02,test,consented,Keep,None
bday2_16,data/raw/event_02_birthday/burst_02/DSC_4204.jpg,event_02_birthday,burst_02,test,consented,Keep,None
bday2_17,data/raw/event_02_birthday/burst_02/DSC_4205.jpg,event_02_birthday,burst_02,test,consented,Keep,None
bday2_18,data/raw/event_02_birthday/burst_02/DSC_4206.jpg,event_02_birthday,burst_02,test,consented,Keep,None
bday2_19,data/raw/event_02_birthday/burst_02/DSC_4207.jpg,event_02_birthday,burst_02,test,consented,Keep,None
bday2_20,data/raw/event_02_birthday/burst_02/DSC_4209.jpg,event_02_birthday,burst_02,test,consented,Keep,None
bday2_21,data/raw/event_02_birthday/burst_02/DSC_4210.jpg,event_02_birthday,burst_02,test,consented,Keep,None
bday2_22,data/raw/event_02_birthday/burst_02/DSC_4211.jpg,event_02_birthday,burst_02,test,consented,Keep,None
bday2_23,data/raw/event_02_birthday/burst_02/DSC_4212.jpg,event_02_birthday,burst_02,test,consented,Keep,None
bday2_24,data/raw/event_02_birthday/burst_02/DSC_4216.jpg,event_02_birthday,burst_02,test,consented,Keep,None
bday2_25,data/raw/event_02_birthday/burst_02/DSC_4218.jpg,event_02_birthday,burst_02,test,consented,Keep,None
bday2_26,data/raw/event_02_birthday/burst_02/DSC_4222.jpg,event_02_birthday,burst_02,test,consented,Keep,None
bday2_27,data/raw/event_02_birthday/burst_02/DSC_4223.jpg,event_02_birthday,burst_02,test,consented,Keep,None
bday2_28,data/raw/event_02_birthday/burst_02/DSC_4225.jpg,event_02_birthday,burst_02,test,consented,Keep,None
bday2_29,data/raw/event_02_birthday/burst_02/DSC_4226.jpg,event_02_birthday,burst_02,test,consented,Keep,None
bday2_30,data/raw/event_02_birthday/burst_02/DSC_4228.jpg,event_02_birthday,burst_02,test,consented,Keep,None
bday2_31,data/raw/event_02_birthday/burst_02/DSC_4229.jpg,event_02_birthday,burst_02,test,consented,Keep,None
bday2_32,data/raw/event_02_birthday/burst_02/DSC_4231.jpg,event_02_birthday,burst_02,test,consented,Keep,None
bday2_33,data/raw/event_02_birthday/burst_02/DSC_4232.jpg,event_02_birthday,burst_02,test,consented,Keep,None
bday2_34,data/raw/event_02_birthday/burst_02/DSC_4236.jpg,event_02_birthday,burst_02,test,consented,Keep,None
bday2_35,data/raw/event_02_birthday/burst_02/DSC_4238.jpg,event_02_birthday,burst_02,test,consented,Keep,None
bday2_36,data/raw/event_02_birthday/burst_02/DSC_4246.jpg,event_02_birthday,burst_02,test,consented,Keep,None
bday2_37,data/raw/event_02_birthday/burst_02/DSC_4251.jpg,event_02_birthday,burst_02,test,consented,Keep,None
bday2_38,data/raw/event_02_birthday/burst_02/DSC_4252.jpg,event_02_birthday,burst_02,test,consented,Keep,None
bday2_39,data/raw/event_02_birthday/burst_02/DSC_4255.jpg,event_02_birthday,burst_02,test,consented,Keep,None
bday2_40,data/raw/event_02_birthday/burst_02/DSC_4257.jpg,event_02_birthday,burst_02,test,consented,Keep,None
bday2_41,data/raw/event_02_birthday/burst_02/DSC_4263.jpg,event_02_birthday,burst_02,test,consented,Keep,None
bday2_42,data/raw/event_02_birthday/burst_02/DSC_4267.jpg,event_02_birthday,burst_02,test,consented,Keep,None
bday2_43,data/raw/event_02_birthday/burst_02/DSC_4268.jpg,event_02_birthday,burst_02,test,consented,Keep,None
bday2_44,data/raw/event_02_birthday/burst_02/DSC_4270.jpg,event_02_birthday,burst_02,test,consented,Keep,None
bday2_45,data/raw/event_02_birthday/burst_02/DSC_4272.jpg,event_02_birthday,burst_02,test,consented,Keep,None
bday2_46,data/raw/event_02_birthday/burst_02/DSC_4273.jpg,event_02_birthday,burst_02,test,consented,Keep,None
bday2_47,data/raw/event_02_birthday/burst_02/DSC_4276.jpg,event_02_birthday,burst_02,test,consented,Keep,None
bday2_48,data/raw/event_02_birthday/burst_02/DSC_4278.jpg,event_02_birthday,burst_02,test,consented,Keep,None
bday2_49,data/raw/event_02_birthday/burst_02/DSC_4280.jpg,event_02_birthday,burst_02,test,consented,Review,Head Cropped Out
bday2_50,data/raw/event_02_birthday/burst_02/DSC_4281.jpg,event_02_birthday,burst_02,test,consented,Review,Head Cropped Out
bday2_51,data/raw/event_02_birthday/burst_02/DSC_4282.jpg,event_02_birthday,burst_02,test,consented,Keep,None
bday2_52,data/raw/event_02_birthday/burst_02/DSC_4284.jpg,event_02_birthday,burst_02,test,consented,Keep,None
bday2_53,data/raw/event_02_birthday/burst_02/DSC_4287.jpg,event_02_birthday,burst_02,test,consented,Keep,None
bday2_54,data/raw/event_02_birthday/burst_02/DSC_4288.jpg,event_02_birthday,burst_02,test,consented,Keep,None
bday2_55,data/raw/event_02_birthday/burst_02/DSC_4289.jpg,event_02_birthday,burst_02,test,consented,Keep,None
bday2_56,data/raw/event_02_birthday/burst_02/DSC_4292.jpg,event_02_birthday,burst_02,test,consented,Keep,None
bday2_57,data/raw/event_02_birthday/burst_02/DSC_4293.jpg,event_02_birthday,burst_02,test,consented,Keep,None
bday2_58,data/raw/event_02_birthday/burst_02/DSC_4294.jpg,event_02_birthday,burst_02,test,consented,Keep,None
bday2_59,data/raw/event_02_birthday/burst_02/DSC_4295.jpg,event_02_birthday,burst_02,test,consented,Keep,None
bday2_60,data/raw/event_02_birthday/burst_02/DSC_4296.jpg,event_02_birthday,burst_02,test,consented,Review,Low Technical Quality
bday2_61,data/raw/event_02_birthday/burst_02/DSC_4300.jpg,event_02_birthday,burst_02,test,consented,Keep,None
bday2_62,data/raw/event_02_birthday/burst_02/DSC_4302.jpg,event_02_birthday,burst_02,test,consented,Keep,None
bday2_63,data/raw/event_02_birthday/burst_02/DSC_4303.jpg,event_02_birthday,burst_02,test,consented,Keep,None
bday2_64,data/raw/event_02_birthday/burst_02/DSC_4306.jpg,event_02_birthday,burst_02,test,consented,Keep,None
bday2_65,data/raw/event_02_birthday/burst_02/DSC_4307.jpg,event_02_birthday,burst_02,test,consented,Keep,None
bday2_66,data/raw/event_02_birthday/burst_02/DSC_4308.jpg,event_02_birthday,burst_02,test,consented,Keep,None
bday2_67,data/raw/event_02_birthday/burst_02/DSC_4309.jpg,event_02_birthday,burst_02,test,consented,Keep,None
bday2_68,data/raw/event_02_birthday/burst_02/DSC_4310.jpg,event_02_birthday,burst_02,test,consented,Keep,None
bday2_69,data/raw/event_02_birthday/burst_02/DSC_4311.jpg,event_02_birthday,burst_02,test,consented,Keep,None
bday2_70,data/raw/event_02_birthday/burst_02/DSC_4312.jpg,event_02_birthday,burst_02,test,consented,Keep,None
bday2_71,data/raw/event_02_birthday/burst_02/DSC_4313.jpg,event_02_birthday,burst_02,test,consented,Keep,None
bday2_72,data/raw/event_02_birthday/burst_02/DSC_4314.jpg,event_02_birthday,burst_02,test,consented,Keep,None
bday2_73,data/raw/event_02_birthday/burst_02/DSC_4315.jpg,event_02_birthday,burst_02,test,consented,Keep,None
bday2_74,data/raw/event_02_birthday/burst_02/DSC_4319.jpg,event_02_birthday,burst_02,test,consented,Keep,None
bday2_75,data/raw/event_02_birthday/burst_02/DSC_4320.jpg,event_02_birthday,burst_02,test,consented,Keep,None
bday2_76,data/raw/event_02_birthday/burst_02/DSC_4321.jpg,event_02_birthday,burst_02,test,consented,Keep,None
bday2_77,data/raw/event_02_birthday/burst_02/DSC_4322.jpg,event_02_birthday,burst_02,test,consented,Keep,None
bday2_78,data/raw/event_02_birthday/burst_02/DSC_4325.jpg,event_02_birthday,burst_02,test,consented,Keep,None
bday2_79,data/raw/event_02_birthday/burst_02/DSC_4328.jpg,event_02_birthday,burst_02,test,consented,Keep,None
bday2_80,data/raw/event_02_birthday/burst_02/DSC_4329.jpg,event_02_birthday,burst_02,test,consented,Keep,None
bday2_81,data/raw/event_02_birthday/burst_02/DSC_4330.jpg,event_02_birthday,burst_02,test,consented,Keep,None
bday2_82,data/raw/event_02_birthday/burst_02/DSC_4331.jpg,event_02_birthday,burst_02,test,consented,Review,Low Technical Quality
bday2_83,data/raw/event_02_birthday/burst_02/DSC_4333.jpg,event_02_birthday,burst_02,test,consented,Keep,None
bday2_84,data/raw/event_02_birthday/burst_02/DSC_4335.jpg,event_02_birthday,burst_02,test,consented,Keep,None
bday2_85,data/raw/event_02_birthday/burst_02/DSC_4337.jpg,event_02_birthday,burst_02,test,consented,Keep,None
bday2_86,data/raw/event_02_birthday/burst_02/DSC_4339.jpg,event_02_birthday,burst_02,test,consented,Keep,None
bday2_87,data/raw/event_02_birthday/burst_02/DSC_4341.jpg,event_02_birthday,burst_02,test,consented,Keep,None
bday2_88,data/raw/event_02_birthday/burst_02/DSC_4343.jpg,event_02_birthday,burst_02,test,consented,Keep,None
bday2_89,data/raw/event_02_birthday/burst_02/DSC_4344.jpg,event_02_birthday,burst_02,test,consented,Keep,None
bday2_90,data/raw/event_02_birthday/burst_02/DSC_4345.jpg,event_02_birthday,burst_02,test,consented,Keep,None
bday2_91,data/raw/event_02_birthday/burst_02/DSC_4346.jpg,event_02_birthday,burst_02,test,consented,Keep,None
bday2_92,data/raw/event_02_birthday/burst_02/DSC_4347.jpg,event_02_birthday,burst_02,test,consented,Keep,None
bday2_93,data/raw/event_02_birthday/burst_02/DSC_4351.jpg,event_02_birthday,burst_02,test,consented,Keep,None
bday2_94,data/raw/event_02_birthday/burst_02/DSC_4352.jpg,event_02_birthday,burst_02,test,consented,Keep,None
bday2_95,data/raw/event_02_birthday/burst_02/DSC_4354.jpg,event_02_birthday,burst_02,test,consented,Keep,None
bday3_001,data/raw/event_03_birthday/burst_01/DSC_2760.jpg,event_03_birthday,burst_01,test,consented,Keep,None
bday3_002,data/raw/event_03_birthday/burst_01/DSC_2761.jpg,event_03_birthday,burst_01,test,consented,Keep,None
bday3_003,data/raw/event_03_birthday/burst_01/DSC_2775.jpg,event_03_birthday,burst_01,test,consented,Keep,None
bday3_004,data/raw/event_03_birthday/burst_01/DSC_2776.jpg,event_03_birthday,burst_01,test,consented,Keep,None
bday3_005,data/raw/event_03_birthday/burst_01/DSC_2777.jpg,event_03_birthday,burst_01,test,consented,Keep,None
bday3_006,data/raw/event_03_birthday/burst_01/DSC_2778.jpg,event_03_birthday,burst_01,test,consented,Keep,None
bday3_007,data/raw/event_03_birthday/burst_01/DSC_2783.jpg,event_03_birthday,burst_01,test,consented,Keep,None
bday3_008,data/raw/event_03_birthday/burst_01/DSC_2784.jpg,event_03_birthday,burst_01,test,consented,Keep,None
bday3_009,data/raw/event_03_birthday/burst_01/DSC_2789.jpg,event_03_birthday,burst_01,test,consented,Keep,None
bday3_010,data/raw/event_03_birthday/burst_01/DSC_2790.jpg,event_03_birthday,burst_01,test,consented,Keep,None
bday3_011,data/raw/event_03_birthday/burst_01/DSC_2803.jpg,event_03_birthday,burst_01,test,consented,Keep,None
bday3_012,data/raw/event_03_birthday/burst_01/DSC_2804.jpg,event_03_birthday,burst_01,test,consented,Keep,None
bday3_013,data/raw/event_03_birthday/burst_01/DSC_2813.jpg,event_03_birthday,burst_01,test,consented,Keep,None
bday3_014,data/raw/event_03_birthday/burst_01/DSC_2815.jpg,event_03_birthday,burst_01,test,consented,Keep,None
bday3_015,data/raw/event_03_birthday/burst_01/DSC_2816.jpg,event_03_birthday,burst_01,test,consented,Keep,None
bday3_016,data/raw/event_03_birthday/burst_01/DSC_2819.jpg,event_03_birthday,burst_01,test,consented,Keep,None
bday3_017,data/raw/event_03_birthday/burst_01/DSC_2822.jpg,event_03_birthday,burst_01,test,consented,Keep,None
bday3_018,data/raw/event_03_birthday/burst_01/DSC_2823.jpg,event_03_birthday,burst_01,test,consented,Keep,None
bday3_019,data/raw/event_03_birthday/burst_01/DSC_2824.jpg,event_03_birthday,burst_01,test,consented,Keep,None
bday3_020,data/raw/event_03_birthday/burst_01/DSC_2825.jpg,event_03_birthday,burst_01,test,consented,Keep,None
bday3_021,data/raw/event_03_birthday/burst_01/DSC_2826.jpg,event_03_birthday,burst_01,test,consented,Keep,None
bday3_022,data/raw/event_03_birthday/burst_01/DSC_2827.jpg,event_03_birthday,burst_01,test,consented,Keep,None
bday3_023,data/raw/event_03_birthday/burst_01/DSC_2828.jpg,event_03_birthday,burst_01,test,consented,Keep,None
bday3_024,data/raw/event_03_birthday/burst_01/DSC_2829.jpg,event_03_birthday,burst_01,test,consented,Keep,None
bday3_025,data/raw/event_03_birthday/burst_01/DSC_2832.jpg,event_03_birthday,burst_01,test,consented,Keep,None
bday3_026,data/raw/event_03_birthday/burst_01/DSC_2833.jpg,event_03_birthday,burst_01,test,consented,Keep,None
bday3_027,data/raw/event_03_birthday/burst_01/DSC_2834.jpg,event_03_birthday,burst_01,test,consented,Keep,None
bday3_028,data/raw/event_03_birthday/burst_01/DSC_2835.jpg,event_03_birthday,burst_01,test,consented,Keep,None
bday3_029,data/raw/event_03_birthday/burst_01/DSC_2842.jpg,event_03_birthday,burst_01,test,consented,Keep,None
bday3_030,data/raw/event_03_birthday/burst_01/DSC_2843.jpg,event_03_birthday,burst_01,test,consented,Keep,None
bday3_031,data/raw/event_03_birthday/burst_01/DSC_2853.jpg,event_03_birthday,burst_01,test,consented,Keep,None
bday3_032,data/raw/event_03_birthday/burst_01/DSC_2854.jpg,event_03_birthday,burst_01,test,consented,Keep,None
bday3_033,data/raw/event_03_birthday/burst_01/DSC_2872.jpg,event_03_birthday,burst_01,test,consented,Keep,None
bday3_034,data/raw/event_03_birthday/burst_01/DSC_2873.jpg,event_03_birthday,burst_01,test,consented,Keep,None
bday3_035,data/raw/event_03_birthday/burst_01/DSC_2874.jpg,event_03_birthday,burst_01,test,consented,Keep,None
bday3_036,data/raw/event_03_birthday/burst_01/DSC_2875.jpg,event_03_birthday,burst_01,test,consented,Keep,None
bday3_037,data/raw/event_03_birthday/burst_01/DSC_2876.jpg,event_03_birthday,burst_01,test,consented,Keep,None
bday3_038,data/raw/event_03_birthday/burst_01/DSC_2878.jpg,event_03_birthday,burst_01,test,consented,Keep,None
bday3_039,data/raw/event_03_birthday/burst_01/DSC_2880.jpg,event_03_birthday,burst_01,test,consented,Keep,None
bday3_040,data/raw/event_03_birthday/burst_01/DSC_2895.jpg,event_03_birthday,burst_01,test,consented,Keep,None
bday3_041,data/raw/event_03_birthday/burst_01/DSC_2896.jpg,event_03_birthday,burst_01,test,consented,Keep,None
bday3_042,data/raw/event_03_birthday/burst_02/DSC_2753.jpg,event_03_birthday,burst_02,test,consented,Keep,None
bday3_043,data/raw/event_03_birthday/burst_02/DSC_2754.jpg,event_03_birthday,burst_02,test,consented,Keep,None
bday3_044,data/raw/event_03_birthday/burst_02/DSC_2755.jpg,event_03_birthday,burst_02,test,consented,Keep,None
bday3_045,data/raw/event_03_birthday/burst_02/DSC_2756.jpg,event_03_birthday,burst_02,test,consented,Keep,None
bday3_046,data/raw/event_03_birthday/burst_02/DSC_2757.jpg,event_03_birthday,burst_02,test,consented,Keep,None
bday3_047,data/raw/event_03_birthday/burst_02/DSC_2758.jpg,event_03_birthday,burst_02,test,consented,Keep,None
bday3_048,data/raw/event_03_birthday/burst_02/DSC_2762.jpg,event_03_birthday,burst_02,test,consented,Keep,None
bday3_049,data/raw/event_03_birthday/burst_02/DSC_2763.jpg,event_03_birthday,burst_02,test,consented,Review,Low Technical Quality
bday3_050,data/raw/event_03_birthday/burst_02/DSC_2764.jpg,event_03_birthday,burst_02,test,consented,Review,Head Cropped Out
bday3_051,data/raw/event_03_birthday/burst_02/DSC_2765.jpg,event_03_birthday,burst_02,test,consented,Review,Head Cropped Out
bday3_052,data/raw/event_03_birthday/burst_02/DSC_2766.jpg,event_03_birthday,burst_02,test,consented,Keep,None
bday3_053,data/raw/event_03_birthday/burst_02/DSC_2767.jpg,event_03_birthday,burst_02,test,consented,Keep,None
bday3_054,data/raw/event_03_birthday/burst_02/DSC_2768.jpg,event_03_birthday,burst_02,test,consented,Keep,None
bday3_055,data/raw/event_03_birthday/burst_02/DSC_2769.jpg,event_03_birthday,burst_02,test,consented,Keep,None
bday3_056,data/raw/event_03_birthday/burst_02/DSC_2770.jpg,event_03_birthday,burst_02,test,consented,Keep,None
bday3_057,data/raw/event_03_birthday/burst_02/DSC_2771.jpg,event_03_birthday,burst_02,test,consented,Keep,None
bday3_058,data/raw/event_03_birthday/burst_02/DSC_2772.jpg,event_03_birthday,burst_02,test,consented,Keep,None
bday3_059,data/raw/event_03_birthday/burst_02/DSC_2773.jpg,event_03_birthday,burst_02,test,consented,Keep,None
bday3_060,data/raw/event_03_birthday/burst_02/DSC_2774.jpg,event_03_birthday,burst_02,test,consented,Keep,None
bday3_061,data/raw/event_03_birthday/burst_02/DSC_2780.jpg,event_03_birthday,burst_02,test,consented,Keep,None
bday3_062,data/raw/event_03_birthday/burst_02/DSC_2781.jpg,event_03_birthday,burst_02,test,consented,Keep,None
bday3_063,data/raw/event_03_birthday/burst_02/DSC_2782.jpg,event_03_birthday,burst_02,test,consented,Keep,None
bday3_064,data/raw/event_03_birthday/burst_02/DSC_2785.jpg,event_03_birthday,burst_02,test,consented,Keep,None
bday3_065,data/raw/event_03_birthday/burst_02/DSC_2786.jpg,event_03_birthday,burst_02,test,consented,Keep,None
bday3_066,data/raw/event_03_birthday/burst_02/DSC_2787.jpg,event_03_birthday,burst_02,test,consented,Keep,None
bday3_067,data/raw/event_03_birthday/burst_02/DSC_2788.jpg,event_03_birthday,burst_02,test,consented,Keep,None
bday3_068,data/raw/event_03_birthday/burst_02/DSC_2791.jpg,event_03_birthday,burst_02,test,consented,Keep,None
bday3_069,data/raw/event_03_birthday/burst_02/DSC_2792.jpg,event_03_birthday,burst_02,test,consented,Keep,None
bday3_070,data/raw/event_03_birthday/burst_02/DSC_2796.jpg,event_03_birthday,burst_02,test,consented,Keep,None
bday3_071,data/raw/event_03_birthday/burst_02/DSC_2797.jpg,event_03_birthday,burst_02,test,consented,Keep,None
bday3_072,data/raw/event_03_birthday/burst_02/DSC_2798.jpg,event_03_birthday,burst_02,test,consented,Keep,None
bday3_073,data/raw/event_03_birthday/burst_02/DSC_2799.jpg,event_03_birthday,burst_02,test,consented,Keep,None
bday3_074,data/raw/event_03_birthday/burst_02/DSC_2800.jpg,event_03_birthday,burst_02,test,consented,Keep,None
bday3_075,data/raw/event_03_birthday/burst_02/DSC_2801.jpg,event_03_birthday,burst_02,test,consented,Keep,None
bday3_076,data/raw/event_03_birthday/burst_02/DSC_2802.jpg,event_03_birthday,burst_02,test,consented,Keep,None
bday3_077,data/raw/event_03_birthday/burst_02/DSC_2805.jpg,event_03_birthday,burst_02,test,consented,Keep,None
bday3_078,data/raw/event_03_birthday/burst_02/DSC_2806.jpg,event_03_birthday,burst_02,test,consented,Keep,None
bday3_079,data/raw/event_03_birthday/burst_02/DSC_2807.jpg,event_03_birthday,burst_02,test,consented,Keep,None
bday3_080,data/raw/event_03_birthday/burst_02/DSC_2808.jpg,event_03_birthday,burst_02,test,consented,Keep,None
bday3_081,data/raw/event_03_birthday/burst_02/DSC_2809.jpg,event_03_birthday,burst_02,test,consented,Keep,None
bday3_082,data/raw/event_03_birthday/burst_02/DSC_2810.jpg,event_03_birthday,burst_02,test,consented,Keep,None
bday3_083,data/raw/event_03_birthday/burst_02/DSC_2811.jpg,event_03_birthday,burst_02,test,consented,Keep,None
bday3_084,data/raw/event_03_birthday/burst_02/DSC_2812.jpg,event_03_birthday,burst_02,test,consented,Keep,None
bday3_085,data/raw/event_03_birthday/burst_02/DSC_2814.jpg,event_03_birthday,burst_02,test,consented,Keep,None
bday3_086,data/raw/event_03_birthday/burst_02/DSC_2818.jpg,event_03_birthday,burst_02,test,consented,Keep,None
bday3_087,data/raw/event_03_birthday/burst_02/DSC_2831.jpg,event_03_birthday,burst_02,test,consented,Keep,None
bday3_088,data/raw/event_03_birthday/burst_02/DSC_2836.jpg,event_03_birthday,burst_02,test,consented,Keep,None
bday3_089,data/raw/event_03_birthday/burst_02/DSC_2837.jpg,event_03_birthday,burst_02,test,consented,Keep,None
bday3_090,data/raw/event_03_birthday/burst_02/DSC_2838.jpg,event_03_birthday,burst_02,test,consented,Keep,None
bday3_091,data/raw/event_03_birthday/burst_02/DSC_2839.jpg,event_03_birthday,burst_02,test,consented,Keep,None
bday3_092,data/raw/event_03_birthday/burst_02/DSC_2840.jpg,event_03_birthday,burst_02,test,consented,Keep,None
bday3_093,data/raw/event_03_birthday/burst_02/DSC_2841.jpg,event_03_birthday,burst_02,test,consented,Keep,None
bday3_094,data/raw/event_03_birthday/burst_02/DSC_2844.jpg,event_03_birthday,burst_02,test,consented,Keep,None
bday3_095,data/raw/event_03_birthday/burst_02/DSC_2845.jpg,event_03_birthday,burst_02,test,consented,Keep,None
bday3_096,data/raw/event_03_birthday/burst_02/DSC_2846.jpg,event_03_birthday,burst_02,test,consented,Keep,None
bday3_097,data/raw/event_03_birthday/burst_02/DSC_2847.jpg,event_03_birthday,burst_02,test,consented,Keep,None
bday3_098,data/raw/event_03_birthday/burst_02/DSC_2848.jpg,event_03_birthday,burst_02,test,consented,Keep,None
bday3_099,data/raw/event_03_birthday/burst_02/DSC_2849.jpg,event_03_birthday,burst_02,test,consented,Keep,None
bday3_100,data/raw/event_03_birthday/burst_02/DSC_2850.jpg,event_03_birthday,burst_02,test,consented,Keep,None
bday3_101,data/raw/event_03_birthday/burst_02/DSC_2851.jpg,event_03_birthday,burst_02,test,consented,Keep,None
bday3_102,data/raw/event_03_birthday/burst_02/DSC_2852.jpg,event_03_birthday,burst_02,test,consented,Keep,None
bday3_103,data/raw/event_03_birthday/burst_02/DSC_2855.jpg,event_03_birthday,burst_02,test,consented,Keep,None
bday3_104,data/raw/event_03_birthday/burst_02/DSC_2856.jpg,event_03_birthday,burst_02,test,consented,Keep,None
bday3_105,data/raw/event_03_birthday/burst_02/DSC_2857.jpg,event_03_birthday,burst_02,test,consented,Keep,None
bday3_106,data/raw/event_03_birthday/burst_02/DSC_2858.jpg,event_03_birthday,burst_02,test,consented,Keep,None
bday3_107,data/raw/event_03_birthday/burst_02/DSC_2859.jpg,event_03_birthday,burst_02,test,consented,Keep,None
bday3_108,data/raw/event_03_birthday/burst_02/DSC_2860.jpg,event_03_birthday,burst_02,test,consented,Keep,None
bday3_109,data/raw/event_03_birthday/burst_02/DSC_2861.jpg,event_03_birthday,burst_02,test,consented,Keep,None
bday3_110,data/raw/event_03_birthday/burst_02/DSC_2862.jpg,event_03_birthday,burst_02,test,consented,Keep,None
bday3_111,data/raw/event_03_birthday/burst_02/DSC_2863.jpg,event_03_birthday,burst_02,test,consented,Keep,None
bday3_112,data/raw/event_03_birthday/burst_02/DSC_2864.jpg,event_03_birthday,burst_02,test,consented,Keep,None
bday3_113,data/raw/event_03_birthday/burst_02/DSC_2865.jpg,event_03_birthday,burst_02,test,consented,Keep,None
bday3_114,data/raw/event_03_birthday/burst_02/DSC_2866.jpg,event_03_birthday,burst_02,test,consented,Keep,None
bday3_115,data/raw/event_03_birthday/burst_02/DSC_2867.jpg,event_03_birthday,burst_02,test,consented,Keep,None
bday3_116,data/raw/event_03_birthday/burst_02/DSC_2868.jpg,event_03_birthday,burst_02,test,consented,Keep,None
bday3_117,data/raw/event_03_birthday/burst_02/DSC_2869.jpg,event_03_birthday,burst_02,test,consented,Keep,None
bday3_118,data/raw/event_03_birthday/burst_02/DSC_2870.jpg,event_03_birthday,burst_02,test,consented,Keep,None
bday3_119,data/raw/event_03_birthday/burst_02/DSC_2871.jpg,event_03_birthday,burst_02,test,consented,Keep,None
bday3_120,data/raw/event_03_birthday/burst_02/DSC_2879.jpg,event_03_birthday,burst_02,test,consented,Keep,None
bday3_121,data/raw/event_03_birthday/burst_02/DSC_2881.jpg,event_03_birthday,burst_02,test,consented,Keep,None
bday3_122,data/raw/event_03_birthday/burst_02/DSC_2882.jpg,event_03_birthday,burst_02,test,consented,Keep,None
bday3_123,data/raw/event_03_birthday/burst_02/DSC_2883.jpg,event_03_birthday,burst_02,test,consented,Keep,None
bday3_124,data/raw/event_03_birthday/burst_02/DSC_2884.jpg,event_03_birthday,burst_02,test,consented,Keep,None
bday3_125,data/raw/event_03_birthday/burst_02/DSC_2885.jpg,event_03_birthday,burst_02,test,consented,Keep,None
bday3_126,data/raw/event_03_birthday/burst_02/DSC_2886.jpg,event_03_birthday,burst_02,test,consented,Keep,None
bday3_127,data/raw/event_03_birthday/burst_02/DSC_2888.jpg,event_03_birthday,burst_02,test,consented,Keep,None
bday3_128,data/raw/event_03_birthday/burst_02/DSC_2889.jpg,event_03_birthday,burst_02,test,consented,Keep,None
bday3_129,data/raw/event_03_birthday/burst_02/DSC_2890.jpg,event_03_birthday,burst_02,test,consented,Keep,None
bday3_130,data/raw/event_03_birthday/burst_02/DSC_2891.jpg,event_03_birthday,burst_02,test,consented,Keep,None
bday3_131,data/raw/event_03_birthday/burst_02/DSC_2892.jpg,event_03_birthday,burst_02,test,consented,Keep,None
bday3_132,data/raw/event_03_birthday/burst_02/DSC_2893.jpg,event_03_birthday,burst_02,test,consented,Keep,None
bday3_133,data/raw/event_03_birthday/burst_02/DSC_2897.jpg,event_03_birthday,burst_02,test,consented,Keep,None
bday3_134,data/raw/event_03_birthday/burst_02/DSC_2898.jpg,event_03_birthday,burst_02,test,consented,Keep,None
bday3_135,data/raw/event_03_birthday/burst_02/DSC_2899.jpg,event_03_birthday,burst_02,test,consented,Review,Head Cropped Out
bday3_136,data/raw/event_03_birthday/burst_02/DSC_2900.jpg,event_03_birthday,burst_02,test,consented,Keep,None
bday3_137,data/raw/event_03_birthday/burst_02/DSC_2901.jpg,event_03_birthday,burst_02,test,consented,Keep,None
bday3_138,data/raw/event_03_birthday/burst_02/DSC_2902.jpg,event_03_birthday,burst_02,test,consented,Keep,None
bday3_139,data/raw/event_03_birthday/burst_02/DSC_2903.jpg,event_03_birthday,burst_02,test,consented,Keep,None
bday3_140,data/raw/event_03_birthday/burst_02/DSC_2904.jpg,event_03_birthday,burst_02,test,consented,Keep,None
bday3_141,data/raw/event_03_birthday/burst_02/DSC_2905.jpg,event_03_birthday,burst_02,test,consented,Keep,None
bday3_142,data/raw/event_03_birthday/burst_02/DSC_2909.jpg,event_03_birthday,burst_02,test,consented,Keep,None
bday3_143,data/raw/event_03_birthday/burst_02/DSC_2910.jpg,event_03_birthday,burst_02,test,consented,Keep,None
bday3_144,data/raw/event_03_birthday/burst_02/DSC_2911.jpg,event_03_birthday,burst_02,test,consented,Keep,None
bday3_145,data/raw/event_03_birthday/burst_02/DSC_2912.jpg,event_03_birthday,burst_02,test,consented,Keep,None
bday3_146,data/raw/event_03_birthday/burst_02/DSC_2913.jpg,event_03_birthday,burst_02,test,consented,Keep,None
bday3_147,data/raw/event_03_birthday/burst_02/DSC_2914.jpg,event_03_birthday,burst_02,test,consented,Keep,None
bday3_148,data/raw/event_03_birthday/burst_02/DSC_2915.jpg,event_03_birthday,burst_02,test,consented,Keep,None
bday3_149,data/raw/event_03_birthday/burst_02/DSC_2916.jpg,event_03_birthday,burst_02,test,consented,Keep,None
bday3_150,data/raw/event_03_birthday/burst_02/DSC_2917.jpg,event_03_birthday,burst_02,test,consented,Keep,None
bday3_151,data/raw/event_03_birthday/burst_02/DSC_2918.jpg,event_03_birthday,burst_02,test,consented,Keep,None
bday3_152,data/raw/event_03_birthday/burst_02/DSC_2919.jpg,event_03_birthday,burst_02,test,consented,Keep,None
bday3_153,data/raw/event_03_birthday/burst_02/DSC_2921.jpg,event_03_birthday,burst_02,test,consented,Keep,None
bday3_154,data/raw/event_03_birthday/burst_02/DSC_2922.jpg,event_03_birthday,burst_02,test,consented,Keep,None
bday3_155,data/raw/event_03_birthday/burst_02/DSC_2923.jpg,event_03_birthday,burst_02,test,consented,Keep,None
bday3_156,data/raw/event_03_birthday/burst_02/DSC_2924.jpg,event_03_birthday,burst_02,test,consented,Keep,None
bday3_157,data/raw/event_03_birthday/burst_02/DSC_2925.jpg,event_03_birthday,burst_02,test,consented,Keep,None
bday3_158,data/raw/event_03_birthday/burst_02/DSC_2926.jpg,event_03_birthday,burst_02,test,consented,Keep,None
bday3_159,data/raw/event_03_birthday/burst_02/DSC_2927.jpg,event_03_birthday,burst_02,test,consented,Keep,None
bday3_160,data/raw/event_03_birthday/burst_02/DSC_2928.jpg,event_03_birthday,burst_02,test,consented,Keep,None
bday3_161,data/raw/event_03_birthday/burst_02/DSC_2929.jpg,event_03_birthday,burst_02,test,consented,Keep,None
bday3_162,data/raw/event_03_birthday/burst_02/DSC_2930.jpg,event_03_birthday,burst_02,test,consented,Keep,None
bday3_163,data/raw/event_03_birthday/burst_02/DSC_2931.jpg,event_03_birthday,burst_02,test,consented,Keep,None
bday3_164,data/raw/event_03_birthday/burst_02/DSC_2933.jpg,event_03_birthday,burst_02,test,consented,Keep,None
bday3_165,data/raw/event_03_birthday/burst_02/DSC_2935.jpg,event_03_birthday,burst_02,test,consented,Keep,None
bday3_166,data/raw/event_03_birthday/burst_02/DSC_2936.jpg,event_03_birthday,burst_02,test,consented,Keep,None
bday3_167,data/raw/event_03_birthday/burst_02/DSC_2937.jpg,event_03_birthday,burst_02,test,consented,Keep,None
bday3_168,data/raw/event_03_birthday/burst_02/DSC_2939.jpg,event_03_birthday,burst_02,test,consented,Keep,None
bday3_169,data/raw/event_03_birthday/burst_02/DSC_2941.jpg,event_03_birthday,burst_02,test,consented,Keep,None
bday3_170,data/raw/event_03_birthday/burst_02/DSC_2943.jpg,event_03_birthday,burst_02,test,consented,Keep,None
bday3_171,data/raw/event_03_birthday/burst_02/DSC_2945.jpg,event_03_birthday,burst_02,test,consented,Keep,None
bday3_172,data/raw/event_03_birthday/burst_02/DSC_2946.jpg,event_03_birthday,burst_02,test,consented,Keep,None
bday3_173,data/raw/event_03_birthday/burst_02/DSC_2947.jpg,event_03_birthday,burst_02,test,consented,Keep,None
bday3_174,data/raw/event_03_birthday/burst_02/DSC_2948.jpg,event_03_birthday,burst_02,test,consented,Keep,None
bday3_175,data/raw/event_03_birthday/burst_02/DSC_2950.jpg,event_03_birthday,burst_02,test,consented,Keep,None
bday3_176,data/raw/event_03_birthday/burst_02/DSC_2952.jpg,event_03_birthday,burst_02,test,consented,Keep,None
bday3_177,data/raw/event_03_birthday/burst_02/DSC_2953.jpg,event_03_birthday,burst_02,test,consented,Keep,None
bday3_178,data/raw/event_03_birthday/burst_02/DSC_2954.jpg,event_03_birthday,burst_02,test,consented,Keep,None
bday3_179,data/raw/event_03_birthday/burst_02/DSC_2955.jpg,event_03_birthday,burst_02,test,consented,Keep,None
bday3_180,data/raw/event_03_birthday/burst_02/DSC_2957.jpg,event_03_birthday,burst_02,test,consented,Keep,None
bday3_181,data/raw/event_03_birthday/burst_02/DSC_2958.jpg,event_03_birthday,burst_02,test,consented,Keep,None
bday3_182,data/raw/event_03_birthday/burst_02/DSC_2960.jpg,event_03_birthday,burst_02,test,consented,Keep,None
bday3_183,data/raw/event_03_birthday/burst_02/DSC_2961.jpg,event_03_birthday,burst_02,test,consented,Keep,None
bday3_184,data/raw/event_03_birthday/burst_02/DSC_2962.jpg,event_03_birthday,burst_02,test,consented,Keep,None
bday3_185,data/raw/event_03_birthday/burst_02/DSC_2963.jpg,event_03_birthday,burst_02,test,consented,Keep,None
bday3_186,data/raw/event_03_birthday/burst_02/DSC_2964.jpg,event_03_birthday,burst_02,test,consented,Keep,None
bday3_187,data/raw/event_03_birthday/burst_02/DSC_2965.jpg,event_03_birthday,burst_02,test,consented,Keep,None
bday3_188,data/raw/event_03_birthday/burst_02/DSC_2966.jpg,event_03_birthday,burst_02,test,consented,Keep,None
bday3_189,data/raw/event_03_birthday/burst_02/DSC_2967.jpg,event_03_birthday,burst_02,test,consented,Keep,None
bday3_190,data/raw/event_03_birthday/burst_02/DSC_2968.jpg,event_03_birthday,burst_02,test,consented,Keep,None
bday3_191,data/raw/event_03_birthday/burst_02/DSC_2969.jpg,event_03_birthday,burst_02,test,consented,Keep,None
bday3_192,data/raw/event_03_birthday/burst_02/DSC_2970.jpg,event_03_birthday,burst_02,test,consented,Keep,None
bday3_193,data/raw/event_03_birthday/burst_02/DSC_2971.jpg,event_03_birthday,burst_02,test,consented,Keep,None
bday3_194,data/raw/event_03_birthday/burst_02/DSC_2972.jpg,event_03_birthday,burst_02,test,consented,Keep,None
bday3_195,data/raw/event_03_birthday/burst_02/DSC_2973.jpg,event_03_birthday,burst_02,test,consented,Keep,None
bday3_196,data/raw/event_03_birthday/burst_02/DSC_2974.jpg,event_03_birthday,burst_02,test,consented,Keep,None
bday3_197,data/raw/event_03_birthday/burst_02/DSC_2975.jpg,event_03_birthday,burst_02,test,consented,Keep,None
bday3_198,data/raw/event_03_birthday/burst_02/DSC_2976.jpg,event_03_birthday,burst_02,test,consented,Keep,None
bday3_199,data/raw/event_03_birthday/burst_02/DSC_2978.jpg,event_03_birthday,burst_02,test,consented,Keep,None
bday3_200,data/raw/event_03_birthday/burst_02/DSC_2980.jpg,event_03_birthday,burst_02,test,consented,Keep,None
bday3_201,data/raw/event_03_birthday/burst_02/DSC_2981.jpg,event_03_birthday,burst_02,test,consented,Keep,None
bday3_202,data/raw/event_03_birthday/burst_02/DSC_2982.jpg,event_03_birthday,burst_02,test,consented,Keep,None
bday3_203,data/raw/event_03_birthday/burst_02/DSC_2984.jpg,event_03_birthday,burst_02,test,consented,Keep,None
bday3_204,data/raw/event_03_birthday/burst_02/DSC_2985.jpg,event_03_birthday,burst_02,test,consented,Keep,None
bday3_205,data/raw/event_03_birthday/burst_02/DSC_2986.jpg,event_03_birthday,burst_02,test,consented,Keep,None
bday3_206,data/raw/event_03_birthday/burst_02/DSC_2987.jpg,event_03_birthday,burst_02,test,consented,Keep,None
bday3_207,data/raw/event_03_birthday/burst_02/DSC_2988.jpg,event_03_birthday,burst_02,test,consented,Keep,None
bday3_208,data/raw/event_03_birthday/burst_02/DSC_2989.jpg,event_03_birthday,burst_02,test,consented,Keep,None
bday3_209,data/raw/event_03_birthday/burst_02/DSC_2990.jpg,event_03_birthday,burst_02,test,consented,Keep,None
bday3_210,data/raw/event_03_birthday/burst_02/DSC_2993.jpg,event_03_birthday,burst_02,test,consented,Keep,None
bday3_211,data/raw/event_03_birthday/burst_02/DSC_2994.jpg,event_03_birthday,burst_02,test,consented,Keep,None
bday3_212,data/raw/event_03_birthday/burst_02/DSC_2995.jpg,event_03_birthday,burst_02,test,consented,Keep,None
bday3_213,data/raw/event_03_birthday/burst_02/DSC_2996.jpg,event_03_birthday,burst_02,test,consented,Keep,None
bday3_214,data/raw/event_03_birthday/burst_02/DSC_2997.jpg,event_03_birthday,burst_02,test,consented,Keep,None
bday3_215,data/raw/event_03_birthday/burst_02/DSC_2998.jpg,event_03_birthday,burst_02,test,consented,Keep,None
bday3_216,data/raw/event_03_birthday/burst_02/DSC_2999.jpg,event_03_birthday,burst_02,test,consented,Keep,None
bday3_217,data/raw/event_03_birthday/burst_02/DSC_3000.jpg,event_03_birthday,burst_02,test,consented,Keep,None
bday3_218,data/raw/event_03_birthday/burst_02/DSC_3002.jpg,event_03_birthday,burst_02,test,consented,Keep,None
bday3_219,data/raw/event_03_birthday/burst_02/DSC_3003.jpg,event_03_birthday,burst_02,test,consented,Keep,None
bday3_220,data/raw/event_03_birthday/burst_02/DSC_3004.jpg,event_03_birthday,burst_02,test,consented,Keep,None
bday3_221,data/raw/event_03_birthday/burst_02/DSC_3005.jpg,event_03_birthday,burst_02,test,consented,Keep,None
bday3_222,data/raw/event_03_birthday/burst_02/DSC_3006.jpg,event_03_birthday,burst_02,test,consented,Keep,None
bday3_223,data/raw/event_03_birthday/burst_02/DSC_3007.jpg,event_03_birthday,burst_02,test,consented,Keep,None
